game_date,total_min_outliers
2020-12-22,0
2020-12-23,1
2020-12-25,0
2020-12-26,0
2020-12-27,0
2020-12-28,1
2020-12-29,0
2020-12-30,0
2020-12-31,0
2021-01-01,0
2021-01-02,0
2021-01-03,0
2021-01-04,1
2021-01-05,0
2021-01-06,0
2021-01-07,0
2021-01-08,1
2021-01-09,1
2021-01-10,0
2021-01-11,2
2021-01-12,0
2021-01-13,1
2021-01-14,1
2021-01-15,0
2021-01-16,1
2021-01-17,0
2021-01-18,1
2021-01-19,0
2021-01-20,0
2021-01-21,0
2021-01-22,0
2021-01-23,0
2021-01-24,1
2021-01-25,0
2021-01-26,1
2021-01-27,0
2021-01-28,0
2021-01-29,1
2021-01-30,0
2021-01-31,0
2021-02-01,0
2021-02-02,0
2021-02-03,1
2021-02-04,1
2021-02-05,1
2021-02-06,0
2021-02-07,0
2021-02-08,0
2021-02-09,0
2021-02-10,0
2021-02-11,0
2021-02-12,0
2021-02-13,0
2021-02-14,0
2021-02-15,0
2021-02-16,0
2021-02-17,0
2021-02-18,0
2021-02-19,0
2021-02-20,0
2021-02-21,0
2021-02-22,0
2021-02-23,0
2021-02-24,0
2021-02-25,0
2021-02-26,0
2021-02-27,0
2021-02-28,0
2021-03-01,0
2021-03-02,1
2021-03-03,2
2021-03-04,0
2021-03-07,0
2021-03-10,0
2021-03-11,0
2021-03-12,0
2021-03-13,1
2021-03-14,1
2021-03-15,1
2021-03-16,1
2021-03-17,0
2021-03-18,0
2021-03-19,0
2021-03-20,0
2021-03-21,0
2021-03-22,0
2021-03-23,0
2021-03-24,1
2021-03-25,2
2021-03-26,0
2021-03-27,6
2021-03-28,0
2021-03-29,3
2021-03-30,1
2021-03-31,1
2021-04-01,1
2021-04-02,3
2021-04-03,2
2021-04-04,1
2021-04-05,3
2021-04-06,2
2021-04-07,3
2021-04-08,2
2021-04-09,3
2021-04-10,3
2021-04-11,0
2021-04-12,0
2021-04-13,1
2021-04-14,0
2021-04-15,1
2021-04-16,3
2021-04-17,1
2021-04-18,3
2021-04-19,2
2021-04-20,2
2021-04-21,4
2021-04-22,1
2021-04-23,4
2021-04-24,5
2021-04-25,3
2021-04-26,2
2021-04-27,4
2021-04-28,6
2021-04-29,3
2021-04-30,3
2021-05-01,7
2021-05-02,1
2021-05-03,3
2021-05-04,3
2021-05-05,9
2021-05-06,4
2021-05-07,5
2021-05-08,10
2021-05-09,8
2021-05-10,6
2021-05-11,5
2021-05-12,6
2021-05-13,8
2021-05-14,24
2021-05-15,8
2021-05-16,32
2021-10-19,0
2021-10-20,1
2021-10-21,0
2021-10-22,0
2021-10-23,0
2021-10-24,0
2021-10-25,0
2021-10-26,0
2021-10-27,0
2021-10-28,0
2021-10-29,0
2021-10-30,0
2021-10-31,0
2021-11-01,0
2021-11-02,0
2021-11-03,0
2021-11-04,0
2021-11-05,0
2021-11-06,0
2021-11-07,0
2021-11-08,0
2021-11-09,0
2021-11-10,1
2021-11-11,0
2021-11-12,1
2021-11-13,1
2021-11-14,0
2021-11-15,0
2021-11-16,0
2021-11-17,1
2021-11-18,1
2021-11-19,0
2021-11-20,0
2021-11-21,0
2021-11-22,0
2021-11-23,0
2021-11-24,0
2021-11-26,0
2021-11-27,1
2021-11-28,0
2021-11-29,0
2021-11-30,0
2021-12-01,0
2021-12-02,1
2021-12-03,1
2021-12-04,0
2021-12-05,0
2021-12-06,1
2021-12-07,0
2021-12-08,0
2021-12-09,0
2021-12-10,2
2021-12-11,1
2021-12-12,1
2021-12-13,2
2021-12-14,0
2021-12-15,0
2021-12-16,1
2021-12-17,0
2021-12-18,1
2021-12-19,0
2021-12-20,0
2021-12-21,1
2021-12-22,0
2021-12-23,4
2021-12-25,2
2021-12-26,0
2021-12-27,3
2021-12-28,1
2021-12-29,2
2021-12-30,3
2021-12-31,3
2022-01-01,2
2022-01-02,1
2022-01-03,2
2022-01-04,0
2022-01-05,0
2022-01-06,0
2022-01-07,3
2022-01-08,1
2022-01-09,0
2022-01-10,1
2022-01-11,0
2022-01-12,0
2022-01-13,1
2022-01-14,0
2022-01-15,0
2022-01-16,0
2022-01-17,0
2022-01-18,0
2022-01-19,0
2022-01-20,0
2022-01-21,0
2022-01-22,0
2022-01-23,1
2022-01-24,0
2022-01-25,1
2022-01-26,1
2022-01-27,0
2022-01-28,0
2022-01-29,0
2022-01-30,0
2022-01-31,0
2022-02-01,0
2022-02-02,1
2022-02-03,1
2022-02-04,1
2022-02-05,0
2022-02-06,0
2022-02-07,0
2022-02-08,1
2022-02-09,0
2022-02-10,1
2022-02-11,0
2022-02-12,0
2022-02-13,0
2022-02-14,1
2022-02-15,1
2022-02-16,0
2022-02-17,0
2022-02-20,0
2022-02-24,2
2022-02-25,3
2022-02-26,0
2022-02-27,1
2022-02-28,2
2022-03-01,0
2022-03-02,2
2022-03-03,1
2022-03-04,2
2022-03-05,2
2022-03-06,1
2022-03-07,3
2022-03-08,2
2022-03-09,6
2022-03-10,1
2022-03-11,1
2022-03-12,0
2022-03-13,5
2022-03-14,2
2022-03-15,1
2022-03-16,4
2022-03-17,0
2022-03-18,6
2022-03-19,0
2022-03-20,6
2022-03-21,6
2022-03-22,0
2022-03-23,8
2022-03-24,0
2022-03-25,5
2022-03-26,5
2022-03-27,3
2022-03-28,8
2022-03-29,3
2022-03-30,10
2022-03-31,3
2022-04-01,13
2022-04-02,2
2022-04-03,15
2022-04-05,11
2022-04-06,10
2022-04-07,4
2022-04-08,9
2022-04-09,1
2022-04-10,29
2022-10-18,0
2022-10-19,1
2022-10-20,0
2022-10-21,1
2022-10-22,1
2022-10-23,0
2022-10-24,1
2022-10-25,0
2022-10-26,0
2022-10-27,0
2022-10-28,1
2022-10-29,0
2022-10-30,0
2022-10-31,0
2022-11-01,0
2022-11-02,0
2022-11-03,0
2022-11-04,0
2022-11-05,0
2022-11-06,0
2022-11-07,0
2022-11-09,0
2022-11-10,0
2022-11-11,0
2022-11-12,0
2022-11-13,0
2022-11-14,0
2022-11-15,0
2022-11-16,1
2022-11-17,0
2022-11-18,0
2022-11-19,0
2022-11-20,1
2022-11-21,0
2022-11-22,0
2022-11-23,1
2022-11-25,1
2022-11-26,0
2022-11-27,1
2022-11-28,0
2022-11-29,0
2022-11-30,1
2022-12-01,0
2022-12-02,0
2022-12-03,0
2022-12-04,0
2022-12-05,2
2022-12-06,0
2022-12-07,1
2022-12-08,1
2022-12-09,0
2022-12-10,1
2022-12-11,0
2022-12-12,1
2022-12-13,0
2022-12-14,1
2022-12-15,0
2022-12-16,1
2022-12-17,1
2022-12-18,1
2022-12-19,2
2022-12-20,0
2022-12-21,1
2022-12-22,0
2022-12-23,0
2022-12-25,0
2022-12-26,0
2022-12-27,0
2022-12-28,0
2022-12-29,0
2022-12-30,0
2022-12-31,1
2023-01-01,0
2023-01-02,1
2023-01-03,0
2023-01-04,0
2023-01-05,0
2023-01-06,0
2023-01-07,0
2023-01-08,0
2023-01-09,1
2023-01-10,2
2023-01-11,1
2023-01-12,0
2023-01-13,0
2023-01-14,0
2023-01-15,1
2023-01-16,0
2023-01-17,0
2023-01-18,0
2023-01-19,0
2023-01-20,0
2023-01-21,1
2023-01-22,0
2023-01-23,0
2023-01-24,0
2023-01-25,0
2023-01-26,0
2023-01-27,0
2023-01-28,0
2023-01-29,2
2023-01-30,0
2023-01-31,0
2023-02-01,0
2023-02-02,0
2023-02-03,0
2023-02-04,0
2023-02-05,1
2023-02-06,0
2023-02-07,0
2023-02-08,1
2023-02-09,0
2023-02-10,0
2023-02-11,0
2023-02-12,0
2023-02-13,1
2023-02-14,0
2023-02-15,1
2023-02-16,2
2023-02-19,0
2023-02-23,1
2023-02-24,0
2023-02-25,1
2023-02-26,1
2023-02-27,1
2023-02-28,1
2023-03-01,0
2023-03-02,0
2023-03-03,1
2023-03-04,0
2023-03-05,1
2023-03-06,0
2023-03-07,4
2023-03-08,0
2023-03-09,4
2023-03-10,0
2023-03-11,3
2023-03-12,0
2023-03-13,3
2023-03-14,4
2023-03-15,1
2023-03-16,2
2023-03-17,1
2023-03-18,0
2023-03-19,1
2023-03-20,1
2023-03-21,2
2023-03-22,4
2023-03-23,1
2023-03-24,6
2023-03-25,1
2023-03-26,4
2023-03-27,1
2023-03-28,2
2023-03-29,8
2023-03-30,0
2023-03-31,8
2023-04-01,1
2023-04-02,7
2023-04-04,17
2023-04-05,4
2023-04-06,17
2023-04-07,16
2023-04-08,10
2023-04-09,40
2023-10-24,0
2023-10-25,0
2023-10-26,1
2023-10-27,0
2023-10-28,1
2023-10-29,0
2023-10-30,1
2023-10-31,1
2023-11-01,1
2023-11-02,1
2023-11-03,0
2023-11-04,0
2023-11-05,0
2023-11-06,0
2023-11-08,1
2023-11-09,0
2023-11-10,0
2023-11-11,0
2023-11-12,0
2023-11-13,0
2023-11-14,1
2023-11-15,0
2023-11-16,0
2023-11-17,0
2023-11-18,0
2023-11-19,1
2023-11-20,0
2023-11-21,0
2023-11-22,1
2023-11-24,1
2023-11-25,1
2023-11-26,0
2023-11-27,0
2023-11-28,0
2023-11-29,0
2023-11-30,0
2023-12-01,0
2023-12-02,0
2023-12-04,0
2023-12-05,0
2023-12-06,1
2023-12-07,0
2023-12-08,0
2023-12-09,0
2023-12-11,1
2023-12-12,0
2023-12-13,0
2023-12-14,0
2023-12-15,0
2023-12-16,1
2023-12-17,0
2023-12-18,0
2023-12-19,0
2023-12-20,0
2023-12-21,0
2023-12-22,2
2023-12-23,0
2023-12-25,0
2023-12-26,0
2023-12-27,1
2023-12-28,1
2023-12-29,0
2023-12-30,0
2023-12-31,0
2024-01-01,0
2024-01-02,0
2024-01-03,0
2024-01-04,0
2024-01-05,0
2024-01-06,0
2024-01-07,0
2024-01-08,0
2024-01-09,0
2024-01-10,0
2024-01-11,0
2024-01-12,1
2024-01-13,0
2024-01-14,0
2024-01-15,1
2024-01-16,0
2024-01-17,0
2024-01-18,0
2024-01-19,0
2024-01-20,0
2024-01-21,0
2024-01-22,0
2024-01-23,0
2024-01-24,1
2024-01-25,0
2024-01-26,0
2024-01-27,0
2024-01-28,1
2024-01-29,0
2024-01-30,0
2024-01-31,2
2024-02-01,0
2024-02-02,0
2024-02-03,0
2024-02-04,1
2024-02-05,0
2024-02-06,0
2024-02-07,1
2024-02-08,4
2024-02-09,1
2024-02-10,4
2024-02-11,0
2024-02-12,3
2024-02-13,2
2024-02-14,5
2024-02-15,1
2024-02-18,0
2024-02-22,1
2024-02-23,3
2024-02-24,0
2024-02-25,2
2024-02-26,2
2024-02-27,2
2024-02-28,1
2024-02-29,2
2024-03-01,5
2024-03-02,1
2024-03-03,3
2024-03-04,6
2024-03-05,3
2024-03-06,6
2024-03-07,0
2024-03-08,8
2024-03-09,3
2024-03-10,8
2024-03-11,4
2024-03-12,3
2024-03-13,8
2024-03-14,2
2024-03-15,6
2024-03-16,11
2024-03-17,10
2024-03-18,8
2024-03-19,8
2024-03-20,8
2024-03-21,2
2024-03-22,5
2024-03-23,13
2024-03-24,2
2024-03-25,16
2024-03-26,0
2024-03-27,14
2024-03-28,1
2024-03-29,7
2024-03-30,5
2024-03-31,7
2024-04-01,11
2024-04-02,6
2024-04-03,14
2024-04-04,0
2024-04-05,15
2024-04-06,7
2024-04-07,19
2024-04-09,24
2024-04-10,19
2024-04-11,8
2024-04-12,29
2024-04-14,39
2024-10-22,0
2024-10-23,0
2024-10-24,0
2024-10-25,0
2024-10-26,0
2024-10-27,0
2024-10-28,0
2024-10-29,0
2024-10-30,0
2024-10-31,0
2024-11-01,0
2024-11-02,0
2024-11-03,0
2024-11-04,1
2024-11-06,0
2024-11-07,0
2024-11-08,1
2024-11-09,0
2024-11-10,0
2024-11-11,0
2024-11-12,0
2024-11-13,1
2024-11-14,0
2024-11-15,4
2024-11-16,1
2024-11-17,3
2024-11-18,0
2024-11-19,0
2024-11-20,5
2024-11-21,1
2024-11-22,0
2024-11-23,0
2024-11-24,0
2024-11-25,0
2024-11-26,0
2024-11-27,2
2024-11-29,1
2024-11-30,0
2024-12-01,1
2024-12-02,2
2024-12-03,0
2024-12-04,3
2024-12-05,0
2024-12-06,1
2024-12-07,0
2024-12-08,2
2024-12-09,0
2024-12-10,0
2024-12-11,0
2024-12-12,0
2024-12-13,1
2024-12-14,0
2024-12-15,0
2024-12-16,0
2024-12-17,0
2024-12-19,0
2024-12-20,0
2024-12-21,1
2024-12-22,0
2024-12-23,1
2024-12-25,0
2024-12-26,1
2024-12-27,1
2024-12-28,0
2024-12-29,0
2024-12-30,1
2024-12-31,0
2025-01-01,0
2025-01-02,0
2025-01-03,1
2025-01-04,0
2025-01-05,0
2025-01-06,0
2025-01-07,0
2025-01-08,1
2025-01-09,0
2025-01-10,0
2025-01-11,0
2025-01-12,0
2025-01-13,0
2025-01-14,0
2025-01-15,1
2025-01-16,1
2025-01-17,0
2025-01-18,0
2025-01-19,1
2025-01-20,1
2025-01-21,0
2025-01-22,1
2025-01-23,0
2025-01-24,0
2025-01-25,1
2025-01-26,0
2025-01-27,0
2025-01-28,1
2025-01-29,1
2025-01-30,0
2025-01-31,0
2025-02-01,1
2025-02-02,0
2025-02-03,4
2025-02-04,0
2025-02-05,3
2025-02-06,2
2025-02-07,3
2025-02-08,6
2025-02-09,1
2025-02-10,4
2025-02-11,1
2025-02-12,6
2025-02-13,4
2025-02-16,0
2025-02-19,0
2025-02-20,2
2025-02-21,1
2025-02-22,3
2025-02-23,2
2025-02-24,7
2025-02-25,4
2025-02-26,1
2025-02-27,4
2025-02-28,7
2025-03-01,3
2025-03-02,3
2025-03-03,4
2025-03-04,7
2025-03-05,1
2025-03-06,3
2025-03-07,7
2025-03-08,6
2025-03-09,5
2025-03-10,10
2025-03-11,1
2025-03-12,6
2025-03-13,2
2025-03-14,10
2025-03-15,1
2025-03-16,12
2025-03-17,16
2025-03-18,5
2025-03-19,16
2025-03-20,4
2025-03-21,10
2025-03-22,1
2025-03-27,6
2025-03-29,8
2025-04-01,8
2025-04-06,17
2025-04-07,2
2025-04-08,13
2025-04-11,33
2025-10-21,0
2025-10-22,0
2025-10-23,0
2025-10-24,1
2025-10-25,0
2025-10-26,0
2025-10-27,0
2025-10-28,0
2025-10-29,0
2025-10-30,0
2025-10-31,0
2025-11-01,0
2025-11-02,0
2025-11-03,1
2025-11-04,0
2025-11-05,0
2025-11-06,0
2025-11-07,0
2025-11-08,0
2025-11-09,0
2025-11-10,1
2025-11-11,0
2025-11-12,1
2025-11-13,0
2025-11-14,0
2025-11-15,0
2025-11-16,0
2025-11-17,0
2025-11-18,0
2025-11-19,0
2025-11-20,0
2025-11-21,1
2025-11-22,1
2025-11-23,1
2025-11-24,0
2025-11-25,1
2025-11-26,0
2025-11-28,0
2025-11-29,0
2025-11-30,2
2025-12-01,0
2025-12-02,0
2025-12-03,0
2025-12-04,0
2025-12-05,0
2025-12-06,0
2025-12-07,1
2025-12-08,0
2025-12-09,0
2025-12-10,0
2025-12-11,1
2025-12-12,0
2025-12-13,0
2025-12-14,0
2025-12-15,0
2025-12-16,0
2025-12-17,0
2025-12-18,0
2025-12-19,0
2025-12-20,0
2025-12-21,0
2025-12-22,0
2025-12-23,0
2025-12-25,0
2025-12-26,0
2025-12-27,0
2025-12-28,0
2025-12-29,1
2025-12-30,0
2025-12-31,0
2026-01-01,0
2026-01-02,1
2026-01-03,0
2026-01-04,0
2026-01-05,0
2026-01-06,0
2026-01-07,0
2026-01-08,0
2026-01-09,1
2026-01-10,1
2026-01-11,0
2026-01-12,0
2026-01-13,2
2026-01-14,0
2026-01-15,2
2026-01-16,0
2026-01-17,2
2026-01-18,1
2026-01-19,0
2026-01-20,0
2026-01-21,1
2026-01-22,0
2026-01-23,0
2026-01-24,0
2026-01-25,0
2026-01-26,0
2026-01-27,0
2026-01-28,0
2026-01-29,0
2026-01-30,0
2026-01-31,0
2026-02-01,2
2026-02-02,0
2026-02-03,0
2026-02-04,3
2026-02-05,2
2026-02-06,4
2026-02-07,6
2026-02-08,2
2026-02-09,3
2026-02-10,2
2026-02-11,4
2026-02-12,1
2026-02-15,0
2026-02-19,5
2026-02-20,7
2026-02-21,3
2026-02-22,5
2026-02-23,3
2026-02-24,6
2026-02-25,2
2026-02-26,9
2026-02-27,4
2026-02-28,3
2026-03-01,6
2026-03-02,3
2026-03-03,7
2026-03-04,3
2026-03-05,5
2026-03-06,2
2026-03-07,3
2026-03-08,9
2026-03-09,4
2026-03-10,10
2026-03-11,5
2026-03-12,7
2026-03-13,10
2026-03-14,6
2026-03-15,10
2026-03-16,10
2026-03-17,6
2026-03-18,7
2026-03-19,9
2026-03-20,6
2026-03-21,11
2026-03-22,9
2026-03-23,14
2026-03-24,8
2026-03-25,14
2026-03-26,4
2026-03-27,10
2026-03-28,7
2026-03-29,12
2026-03-30,10
2026-03-31,5
2026-04-01,19
2026-04-02,4
2026-04-03,12
2026-04-04,2
2026-04-05,19
2026-04-06,6
2026-04-07,24
2026-04-08,12
2026-04-09,13
2026-04-10,34
2026-04-12,55
